"gisds_handler","total_cases","dq_issue_count","dq_score"
"A.Patel","101","101","0.00000000000000000000"
"S.Jones","100","100","0.00000000000000000000"
"R.Smith","99","99","0.00000000000000000000"
"Smith R","107","0","1.00000000000000000000"
"Jones T","102","0","1.00000000000000000000"
"Brown K","91","0","1.00000000000000000000"
"Patel","78","0","1.00000000000000000000"
"Jones","77","0","1.00000000000000000000"
"Brown","73","0","1.00000000000000000000"
"Smith","72","0","1.00000000000000000000"
